[{"name":"Black","value":"#000000"},{"name":"Burnt orange","value":"#993300"},{"name":"Dark olive","value":"#333300"},{"name":"Dark green","value":"#003300"},{"name":"Dark azure","value":"#003366"},{"name":"Navy Blue","value":"#000080"},{"name":"Indigo","value":"#333399"},{"name":"Very dark gray","value":"#333333"},{"name":"Maroon","value":"#800000"},{"name":"Orange","value":"#FF6600"},{"name":"Olive","value":"#808000"},{"name":"Green","value":"#008000"},{"name":"Teal","value":"#008080"},{"name":"Blue","value":"#0000FF"},{"name":"Grayish blue","value":"#666699"},{"name":"Gray","value":"#808080"},{"name":"Red","value":"#FF0000"},{"name":"Amber","value":"#FF9900"},{"name":"Yellow green","value":"#99CC00"},{"name":"Sea green","value":"#339966"},{"name":"Turquoise","value":"#33CCCC"},{"name":"Royal blue","value":"#3366FF"},{"name":"Purple","value":"#800080"},{"name":"Medium gray","value":"#999999"},{"name":"Magenta","value":"#FF00FF"},{"name":"Gold","value":"#FFCC00"},{"name":"Yellow","value":"#FFFF00"},{"name":"Lime","value":"#00FF00"},{"name":"Aqua","value":"#00FFFF"},{"name":"Sky blue","value":"#00CCFF"},{"name":"Red violet","value":"#993366"},{"name":"White","value":"#FFFFFF"},{"name":"Pink","value":"#FF99CC"},{"name":"Peach","value":"#FFCC99"},{"name":"Light yellow","value":"#FFFF99"},{"name":"Pale green","value":"#CCFFCC"},{"name":"Pale cyan","value":"#CCFFFF"},{"name":"Light sky blue","value":"#99CCFF"},{"name":"Plum","value":"#CC99FF"}]