{
    "key": "bs-card-group",
    "name": "Card group",
    "category": "bootstrap",
    "instructions": "Use card groups to render cards as a single, attached element with equal width and height columns. \n",
    "engine": "ejs",
    "template": "<p><br></p>\n<div class=\"card-deck\">\n<% for(var i=1; i<=n; i++) { %>\n<div class=\"card\">\n  <img class=\"card-img-top\" src=\"https://upload.wikimedia.org/wikipedia/commons/thumb/c/c6/Moodle-logo.svg/2880px-Moodle-logo.svg.png\" alt=\"Card image cap\">\n  <div class=\"card-body\">\n    <h5 class=\"card-title\">Card title</h5>\n    <p class=\"card-text\">This is a wider card with supporting text below as a natural lead-in to additional content. This content is a little bit longer.</p>\n  </div>\n  <div class=\"card-footer\">\n    <small class=\"text-muted\">Last updated 3 mins ago</small>\n  </div>\n</div>\n<% } %>\n</div>\n<p><br></p>\n",
    "parameters": [
        {
            "name": "n",
            "title": "Number of cards",
            "value": 3
        }
    ],
    "author": "Josep Mulet <pep.mulet@gmail.com>",
    "version": "1.1.0"
}