{
    "key": "bs-collapsible",
    "name": "Collapsible",
    "category": "bootstrap",
    "engine": "ejs",
    "template": "<p></p>\n<div id=\"acc_<%= id %>\" class=\"collapsible\">\n  <% for(var i=1; i<=n; i++) { %>\n  <div class=\"card\">      \n    <div class=\"card-header\" id=\"head_<%= id %>_<%= i %>\">\n      <h5 class=\"mb-0\">\n        <button type=\"button\" class=\"btn btn-link\" data-toggle=\"collapse\" data-bs-toggle=\"collapse\" data-target=\"#coll_<%= id %>_<%= i %>\"\n          data-bs-target=\"#coll_<%= id %>_<%= i %>\" \n          aria-expanded=\"<%= i==1 ? 'true' : 'false' %>\" aria-controls=\"coll_<%= id %>_<%= i %>\">\n          <span>Label #<%= i %></span>\n        </button>\n      </h5>\n    </div>\n    <div id=\"coll_<%= id %>_<%= i %>\" class=\"collapse<%= i==1 ? ' show' : '' %>\" aria-labelledby=\"head_<%= id %>_<%= i %>\"\n     <%- indp ? '' : ' data-parent=\"#acc_'+id + '\" data-bs-parent=\"#acc_'+id+'\"' %>>\n      <div class=\"card-body\">\n        <p>Lorem ipsum section <%= i %></p>\n      </div>\n    </div>\n  </div>\n  <% } %>\n</div>\n<p></p>\n",
    "selectors": "div.collapsible",
    "unwrap": ".card-header span, .card-body",
    "parameters": [
        {
            "name": "id",
            "title": "Element id",
            "value": "$RND",
            "hidden": true,
            "editable": false
        },
        {
            "name": "n",
            "title": "Number of collapsibles",
            "value": 3,
            "min": 1
        },
        {
            "name": "indp",
            "title": "Independent collapsibles?",
            "tooltip": "When this options is checked, several cards can be expanded simultaneously",
            "value": false,
            "bind": {
                "get": "(e) => e.find('div.collapse[data-parent],div.collapse[data-bs-parent]').length === 0",
                "set": "(e, v) => {\n  var $elements = e.find('div.collapse');\n  if(v) {\n    $elements.removeAttr('data-parent data-bs-parent');\n  } else {\n    var id = e.attr('id');\n    $elements.attr('data-parent', '#' + id).attr('data-bs-parent', '#' + id);\n  }\n}\n"
            }
        }
    ],
    "contextmenu": [
        {
            "predicate": ".card",
            "actions": "moveup movedown insertafter | remove"
        }
    ],
    "author": "Josep Mulet <pep.mulet@gmail.com>",
    "version": "1.1.0"
}