{
    "key": "bs-columns",
    "name": "Responsive columns",
    "category": "bootstrap",
    "instructions": "Adds a responsive two columns layout\n",
    "engine": "ejs",
    "template": "<p><br></p>\n<div class=\"container-fluid\">\n  <div class=\"row\">\n    <div class=\"col-sm-<%=w1%>\">\n      <p>Lorem ipsum dolor sit amet, consectetur adipiscing elit, sed do eiusmod tempor incididunt ut labore et dolore magna aliqua. Ut enim ad minim veniam, quis nostrud exercitation ullamco laboris nisi ut aliquip ex ea commodo consequat. Duis aute irure dolor in reprehenderit in voluptate velit esse cillum dolore eu fugiat nulla pariatur.\n</p>\n    </div>\n    <div class=\"col-sm-<%=12-w1%>\">\n      <p>Lorem ipsum dolor sit amet, consectetur adipiscing elit, sed do eiusmod tempor incididunt ut labore et dolore magna aliqua. Ut enim ad minim veniam, quis nostrud exercitation ullamco laboris nisi ut aliquip ex ea commodo consequat. Duis aute irure dolor in reprehenderit in voluptate velit esse cillum dolore eu fugiat nulla pariatur.\n</p>\n    </div>\n  </div>\n</div>\n<p><br></p>\n",
    "selectors": [
        "div.container-fluid",
        "div.row"
    ],
    "unwrap": "div.row div > *",
    "parameters": [
        {
            "name": "w1",
            "title": "Width of the first column",
            "tip": "The remaining space is assigned to the second column",
            "value": 6,
            "options": [
                {
                    "l": "8%",
                    "v": 1
                },
                {
                    "l": "16%",
                    "v": 2
                },
                {
                    "l": "25%",
                    "v": 3
                },
                {
                    "l": "33%",
                    "v": 4
                },
                {
                    "l": "42%",
                    "v": 5
                },
                {
                    "l": "50%",
                    "v": 6
                },
                {
                    "l": "58%",
                    "v": 7
                },
                {
                    "l": "66%",
                    "v": 8
                },
                {
                    "l": "75%",
                    "v": 9
                },
                {
                    "l": "83%",
                    "v": 10
                },
                {
                    "l": "92%",
                    "v": 11
                }
            ],
            "bind": {
                "get": "(e) => {\n    var className = e.find('div.row > div').first().attr('class');\n    console.log(className);\n    var match = new RegExp(/col-sm-(\\d+)/).exec(className) || [];\n    console.log(match);\n    return parseInt(match[1] || '6');\n}\n",
                "set": "(e, v) => {\n    var col1 = e.find('div.row > div').first();\n    var col2 = col1.next();\n    col1.removeClass().addClass('col-sm-' + v);;\n    col2.removeClass().addClass('col-sm-' + (12-v));\n}\n"
            }
        }
    ],
    "author": "Josep Mulet <pep.mulet@gmail.com>",
    "version": "1.1.0"
}