{
    "key": "bs-jumbotron",
    "name": "Jumbotron",
    "category": "bootstrap",
    "instructions": "A lightweight, flexible component that can optionally extend the entire viewport to showcase key marketing messages on your site.\n",
    "template": "<div class=\"jumbotron jumbotron-fluid\">\n  <div class=\"container\">\n    <h1 class=\"display-4\">Fluid jumbotron</h1>\n    <p class=\"lead\">This is a modified jumbotron that occupies the entire horizontal space of its parent.</p>\n    <hr class=\"my-4\">\n    <p>It uses utility classes for typography and spacing to space content out within the larger container.</p>\n  </div>\n</div>\n",
    "author": "Josep Mulet <pep.mulet@gmail.com>",
    "version": "1.1.0"
}