{
    "key": "bs-table",
    "name": "Bootstrap table",
    "category": "bootstrap",
    "instructions": "Create a table with n rows and m columns\n",
    "template": "<p><br></p> \n{{#responsive}}<div class=\"table-responsive\">{{/responsive}}\n<table class=\"table{{#stripes}} table-striped{{/stripes}}{{#borders}} table-bordered{{/borders}}{{#hover}} table-hover{{/hover}} whb-bstable\">\n{{#desc}}\n<caption class=\"caption-top\">Table: {{desc}}</caption>\n{{/desc}}\n{{#headers}}\n  <thead>\n    <tr>{{#each}}[j=ncols]<th role=\"col\">Title{{j}}</th>{{/each}}</tr>\n  </thead>\n{{/headers}}\n<tbody class=\"table-group-divider\">\n  {{#each}}[i=nrows]<tr>{{#each}}[j=ncols]<td>Cell{{i}}{{j}}</td>{{/each}}</tr>{{/each}}\n</tbody>\n{{#footer}}\n  <tfoot class=\"table-group-divider\">\n    <tr>{{#each}}[j=ncols]<th>Foot{{j}}</th>{{/each}}</tr>\n  </tfoot>\n{{/footer}}\n</table> \n{{#responsive}}</div>{{/responsive}}\n<p><br></p>\n",
    "selectors": "table.whb-bstable",
    "parameters": [
        {
            "name": "nrows",
            "title": "Number of rows",
            "value": 3,
            "min": 1
        },
        {
            "name": "ncols",
            "title": "Number of columns",
            "value": 4,
            "min": 1
        },
        {
            "name": "headers",
            "title": "Include headers",
            "value": true
        },
        {
            "name": "footer",
            "title": "Include footer",
            "value": false
        },
        {
            "name": "desc",
            "title": "A description for the table",
            "type": "textfield",
            "value": ""
        },
        {
            "name": "stripes",
            "title": "Show stripes",
            "tip": "Odd rows will be rendered with gray background",
            "value": false,
            "bind": "hasClass('table-striped')"
        },
        {
            "name": "hover",
            "title": "Highlight row on mouse over",
            "value": false,
            "bind": "hasClass('table-hover')"
        },
        {
            "name": "borders",
            "title": "Show borders",
            "value": false,
            "bind": "hasClass('table-bordered')"
        },
        {
            "name": "responsive",
            "title": "Responsive behaviour",
            "value": false
        }
    ],
    "author": "Josep Mulet <pep.mulet@gmail.com>",
    "version": "1.1.0"
}