{
    "key": "ib-iframe",
    "name": "Insert iFrame/HTML",
    "instructions": "This snippet allows you to insert the HTML code for an iFrame at a specific point in the document.\n",
    "template": "{{{code}}}",
    "selectors": "iframe",
    "parameters": [
        {
            "name": "code",
            "value": "<b>Sample</b>",
            "title": "HTML Code",
            "type": "textarea"
        }
    ],
    "scope": "^page-mod-(book|page|assign|quiz)-",
    "author": "Josep Mulet Pol <pep.mulet@gmail.com>",
    "version": "1.1.0"
}