<?xml version="1.0" encoding="UTF-8" ?>
<XMLDB PATH="lib/editor/tiny/plugins/teamsmeeting/db" VERSION="20200326" COMMENT="XMLDB file for Moodle tiny/teamsmeeting plugin"
       xmlns:xsi="http://www.w3.org/2001/XMLSchema-instance"
       xsi:noNamespaceSchemaLocation="../../../../../xmldb/xmldb.xsd"
>
    <TABLES>
        <TABLE NAME="tiny_teamsmeeting" COMMENT="Meetings data">
            <FIELDS>
                <FIELD NAME="id" TYPE="int" LENGTH="10" NOTNULL="true" SEQUENCE="true"/>
                <FIELD NAME="title" TYPE="char" LENGTH="255" NOTNULL="false" SEQUENCE="false" COMMENT="Title of the meeting"/>
                <FIELD NAME="link" TYPE="text" NOTNULL="true" SEQUENCE="false" COMMENT="The link to the meeting"/>
                <FIELD NAME="options" TYPE="text" NOTNULL="false" SEQUENCE="false" COMMENT="The link to meeting options"/>
                <FIELD NAME="timecreated" TYPE="int" LENGTH="10" NOTNULL="true" SEQUENCE="false" COMMENT="the time the meeting was created"/>
            </FIELDS>
            <KEYS>
                <KEY NAME="primary" TYPE="primary" FIELDS="id"/>
            </KEYS>
        </TABLE>
    </TABLES>
</XMLDB>