<?xml version="1.0" encoding="UTF-8" ?>
<XMLDB PATH="lib/editor/tiny/plugins/cursive/db" VERSION="2024060212" COMMENT="XMLDB file for Moodle tiny/cursive"
  xmlns:xsi="http://www.w3.org/2001/XMLSchema-instance" xsi:noNamespaceSchemaLocation="../../../../../../lib/xmldb/xmldb.xsd">
  <TABLES>
    <TABLE NAME="tiny_cursive_files" COMMENT="Stores File names.">
      <FIELDS>
        <FIELD NAME="id" TYPE="int" LENGTH="10" NOTNULL="true" SEQUENCE="true"/>
        <FIELD NAME="userid" TYPE="int" LENGTH="10" NOTNULL="true" SEQUENCE="false" COMMENT="Where this question comes in order in the list of questions in this quiz. Like question_attempts.slot."/>
        <FIELD NAME="cmid" TYPE="int" LENGTH="10" NOTNULL="true" DEFAULT="0" SEQUENCE="false" COMMENT="Foreign key references quiz.id."/>
        <FIELD NAME="modulename" TYPE="char" LENGTH="255" NOTNULL="false" SEQUENCE="false" COMMENT="How many marks this question contributes to quiz.sumgrades."/>
        <FIELD NAME="resourceid" TYPE="int" LENGTH="10" NOTNULL="true" SEQUENCE="false" COMMENT="The page number that this questions appears on. If the question in slot n appears on page p, then the question in slot n+1 must appear on page p or p+1. Well, except that when a quiz is being created, there may be empty pages, which would cause the page number to jump here."/>
        <FIELD NAME="courseid" TYPE="int" LENGTH="10" NOTNULL="true" DEFAULT="0" SEQUENCE="false" COMMENT="Set to 1 when current question requires previous one to be answered first."/>
        <FIELD NAME="filename" TYPE="char" LENGTH="255" NOTNULL="true" DEFAULT="0" SEQUENCE="false" COMMENT="How many marks this question contributes to quiz.sumgrades."/>
        <FIELD NAME="content" TYPE="text" NOTNULL="false" SEQUENCE="false" COMMENT="Encoded Files data for backup uses"/>
        <FIELD NAME="original_content" TYPE="text" NOTNULL="false" SEQUENCE="false" COMMENT="original text content"/>
        <FIELD NAME="timemodified" TYPE="int" LENGTH="10" NOTNULL="true" DEFAULT="0" SEQUENCE="false" COMMENT="Last modified time."/>
        <FIELD NAME="uploaded" TYPE="int" LENGTH="10" NOTNULL="true" DEFAULT="0" SEQUENCE="false" COMMENT="File upladed to api."/>
        <FIELD NAME="questionid" TYPE="int" LENGTH="20" NOTNULL="false" DEFAULT="0" SEQUENCE="false"/>
      </FIELDS>
      <KEYS>
        <KEY NAME="primary" TYPE="primary" FIELDS="id"/>
      </KEYS>
    </TABLE>
    <TABLE NAME="tiny_cursive_comments" COMMENT="Stores user comments .">
      <FIELDS>
        <FIELD NAME="id" TYPE="int" LENGTH="10" NOTNULL="true" SEQUENCE="true"/>
        <FIELD NAME="userid" TYPE="int" LENGTH="10" NOTNULL="true" SEQUENCE="false" COMMENT="Where this question comes in order in the list of questions in this quiz. Like question_attempts.slot."/>
        <FIELD NAME="cmid" TYPE="int" LENGTH="10" NOTNULL="true" DEFAULT="0" SEQUENCE="false" COMMENT="Foreign key references quiz.id."/>
        <FIELD NAME="modulename" TYPE="char" LENGTH="255" NOTNULL="false" SEQUENCE="false" COMMENT="How many marks this question contributes to quiz.sumgrades."/>
        <FIELD NAME="resourceid" TYPE="int" LENGTH="10" NOTNULL="true" SEQUENCE="false" COMMENT="The page number that this questions appears on. If the question in slot n appears on page p, then the question in slot n+1 must appear on page p or p+1. Well, except that when a quiz is being created, there may be empty pages, which would cause the page number to jump here."/>
        <FIELD NAME="courseid" TYPE="int" LENGTH="10" NOTNULL="true" DEFAULT="0" SEQUENCE="false" COMMENT="Set to 1 when current question requires previous one to be answered first."/>
        <FIELD NAME="usercomment" TYPE="text" NOTNULL="true" SEQUENCE="false" COMMENT="How many marks this question contributes to quiz.sumgrades."/>
        <FIELD NAME="questionid" TYPE="int" LENGTH="10" NOTNULL="false" SEQUENCE="false" COMMENT="question id"/>
        <FIELD NAME="timemodified" TYPE="int" LENGTH="10" NOTNULL="true" DEFAULT="0" SEQUENCE="false" COMMENT="Last modified time."/>
      </FIELDS>
      <KEYS>
        <KEY NAME="primary" TYPE="primary" FIELDS="id"/>
      </KEYS>
    </TABLE>
    <TABLE NAME="tiny_cursive_user_writing" COMMENT="tiny_user_writing_statics.">
      <FIELDS>
        <FIELD NAME="id" TYPE="int" LENGTH="10" NOTNULL="true" SEQUENCE="true"/>
        <FIELD NAME="file_id" TYPE="int" LENGTH="10" NOTNULL="true" SEQUENCE="false"/>
        <FIELD NAME="total_time_seconds" TYPE="int" LENGTH="10" NOTNULL="true" SEQUENCE="false" COMMENT="Where this question comes in order in the list of questions in this quiz. Like question_attempts.slot."/>
        <FIELD NAME="key_count" TYPE="int" LENGTH="10" NOTNULL="true" DEFAULT="0" SEQUENCE="false" COMMENT="Foreign key references quiz.id."/>
        <FIELD NAME="keys_per_minute" TYPE="int" LENGTH="10" NOTNULL="true" SEQUENCE="false" COMMENT="The page number that this questions appears on. If the question in slot n appears on page p, then the question in slot n+1 must appear on page p or p+1. Well, except that when a quiz is being created, there may be empty pages, which would cause the page number to jump here."/>
        <FIELD NAME="character_count" TYPE="int" LENGTH="10" NOTNULL="true" DEFAULT="0" SEQUENCE="false" COMMENT="Set to 1 when the current question requires the previous one to be answered first."/>
        <FIELD NAME="characters_per_minute" TYPE="int" LENGTH="10" NOTNULL="true" DEFAULT="0" SEQUENCE="false" COMMENT="How many marks this question contributes to quiz.sumgrades."/>
        <FIELD NAME="word_count" TYPE="int" LENGTH="10" NOTNULL="true" DEFAULT="0" SEQUENCE="false" COMMENT="Last modified time."/>
        <FIELD NAME="words_per_minute" TYPE="int" LENGTH="10" NOTNULL="true" DEFAULT="0" SEQUENCE="false" COMMENT="Last modified time."/>
        <FIELD NAME="backspace_percent" TYPE="float" NOTNULL="true" DEFAULT="0" SEQUENCE="false" COMMENT="Last modified time."/>
        <FIELD NAME="score" TYPE="float" NOTNULL="true" DEFAULT="0" SEQUENCE="false" COMMENT="User score to show icons."/>
        <FIELD NAME="copy_behavior" TYPE="float" NOTNULL="true" DEFAULT="0" SEQUENCE="false" COMMENT="User score to show icons."/>
        <FIELD NAME="quality_access" TYPE="int" LENGTH="2" NOTNULL="true" DEFAULT="0" SEQUENCE="false" COMMENT="Access to Quality Metrics option"/>
      </FIELDS>
      <KEYS>
        <KEY NAME="primary" TYPE="primary" FIELDS="id"/>
      </KEYS>
    </TABLE>

    <TABLE NAME="tiny_cursive_writing_diff" COMMENT="Writing Difference data">
      <FIELDS>
        <FIELD NAME="id" TYPE="int" LENGTH="10" NOTNULL="true" SEQUENCE="true"/>
        <FIELD NAME="file_id" TYPE="int" LENGTH="10" NOTNULL="true" SEQUENCE="false"/>
        <FIELD NAME="reconstructed_text" TYPE="text" NOTNULL="true" SEQUENCE="false" COMMENT="Original content"/>
        <FIELD NAME="submitted_text" TYPE="text" NOTNULL="true" SEQUENCE="false" COMMENT="Difference html content"/>
        <FIELD NAME="meta" TYPE="text" NOTNULL="false" SEQUENCE="false" COMMENT="extra field for optional use"/>
      </FIELDS>
      <KEYS>
        <KEY NAME="primary" TYPE="primary" FIELDS="id"/>
      </KEYS>
    </TABLE>

    <TABLE NAME="tiny_cursive_quality_metrics" COMMENT="Store Quality Metrics data">
      <FIELDS>
        <FIELD NAME="id" TYPE="int" LENGTH="10" NOTNULL="true" SEQUENCE="true" COMMENT="Primary key"/>
        <FIELD NAME="file_id" TYPE="int" LENGTH="10" NOTNULL="true" SEQUENCE="false" COMMENT="Foreign key reference to tiny_cursive_files.id"/>
        <FIELD NAME="total_active_time" TYPE="float" NOTNULL="true" SEQUENCE="false" COMMENT="Total active time spent writing in seconds"/>
        <FIELD NAME="total_active_time_static" TYPE="float" NOTNULL="true" SEQUENCE="false" COMMENT="Total active time spent writing in seconds"/>
        <FIELD NAME="edits" TYPE="float" NOTNULL="true" DEFAULT="0" SEQUENCE="false" COMMENT="Number of edits made to the text"/>
        <FIELD NAME="edits_static" TYPE="float" NOTNULL="true" DEFAULT="0" SEQUENCE="false" COMMENT="Number of edits made to the text"/>
        <FIELD NAME="verbosity" TYPE="float" NOTNULL="true" SEQUENCE="false" COMMENT="Measure of text verbosity"/>
        <FIELD NAME="verbosity_static" TYPE="float" NOTNULL="true" SEQUENCE="false" COMMENT="Measure of text verbosity"/>
        <FIELD NAME="word_count" TYPE="float" NOTNULL="true" DEFAULT="0" SEQUENCE="false" COMMENT="Total number of words in the text"/>
        <FIELD NAME="word_count_static" TYPE="float" NOTNULL="true" DEFAULT="0" SEQUENCE="false" COMMENT="Total number of words in the text"/>
        <FIELD NAME="sentence_count" TYPE="float" NOTNULL="true" DEFAULT="0" SEQUENCE="false" COMMENT="Total number of sentences in the text"/>
        <FIELD NAME="sentence_count_static" TYPE="float" NOTNULL="true" DEFAULT="0" SEQUENCE="false" COMMENT="Total number of sentences in the text"/>
        <FIELD NAME="q_count" TYPE="float" NOTNULL="true" DEFAULT="0" SEQUENCE="false" COMMENT="Number of questions in the text"/>
        <FIELD NAME="q_count_static" TYPE="float" NOTNULL="true" DEFAULT="0" SEQUENCE="false" COMMENT="Number of questions in the text"/>
        <FIELD NAME="word_len_mean" TYPE="float" NOTNULL="true" DEFAULT="0" SEQUENCE="false" COMMENT="Average word length"/>
        <FIELD NAME="word_len_mean_static" TYPE="float" NOTNULL="true" DEFAULT="0" SEQUENCE="false" COMMENT="Average word length"/>
        <FIELD NAME="sent_word_count_mean" TYPE="float" NOTNULL="true" DEFAULT="0" SEQUENCE="false" COMMENT="Average number of words per sentence"/>
        <FIELD NAME="sent_word_count_mean_static" TYPE="float" NOTNULL="true" DEFAULT="0" SEQUENCE="false" COMMENT="Average number of words per sentence"/>
        <FIELD NAME="p_burst_mean" TYPE="float" NOTNULL="true" DEFAULT="0" SEQUENCE="false" COMMENT="Mean production burst length"/>
        <FIELD NAME="p_burst_mean_static" TYPE="float" NOTNULL="true" DEFAULT="0" SEQUENCE="false" COMMENT="Mean production burst length"/>
        <FIELD NAME="p_burst_cnt" TYPE="float" NOTNULL="true" DEFAULT="0" SEQUENCE="false" COMMENT="Count of production bursts"/>
        <FIELD NAME="p_burst_cnt_static" TYPE="float" NOTNULL="true" DEFAULT="0" SEQUENCE="false" COMMENT="Count of production bursts"/>
      </FIELDS>
      <KEYS>
        <KEY NAME="primary" TYPE="primary" FIELDS="id"/>
        <KEY NAME="file_id_fk" TYPE="foreign" FIELDS="file_id" REFTABLE="tiny_cursive_files" REFFIELDS="id"/>
      </KEYS>
    </TABLE>

  </TABLES>
</XMLDB>
